{"volume_BGM":0.4728396534919739,"volume_SE":0.46751412749290469,"volume_Voice":0.46751412749290469}