{"volume_BGM":0.6651710867881775,"volume_SE":0.5626252293586731,"volume_Voice":0.8129138350486755}