{"volume_BGM":0.5314207077026367,"volume_SE":0.7870471477508545,"volume_Voice":0.9734414219856262}