{"volume_BGM":0.46751412749290469,"volume_SE":0.12667882442474366,"volume_Voice":0.7018383145332336}