{"volume_BGM":0.8129138350486755,"volume_SE":0.2218068242073059,"volume_Voice":0.8129138350486755}