{"count":1,"self":33.150262399999995,"total":33.204771199999996,"children":{"InitializeActuators":{"count":1,"self":0.0016324999999999998,"total":0.0016324999999999998,"children":null},"InitializeSensors":{"count":1,"self":0.0038862999999999997,"total":0.0038862999999999997,"children":null},"AgentSendState":{"count":1204,"self":0.0120485,"total":0.0120485,"children":null},"DecideAction":{"count":1204,"self":0.030851999999999997,"total":0.030851999999999997,"children":null},"AgentAct":{"count":1204,"self":0.0050869999999999995,"total":0.0050869999999999995,"children":null}},"gauges":{},"metadata":{"timer_format_version":"0.1.0","start_time_seconds":"1719500553","unity_version":"2022.3.16f1","command_line_arguments":"C:\\Program Files\\Unity\\Hub\\Editor\\2022.3.16f1\\Editor\\Unity.exe -projectpath C:\\Users\\regen\\UnityGame\\PrimeFactorizationTower -useHub -hubIPC -cloudEnvironment production","communication_protocol_version":"1.5.0","com.unity.ml-agents_version":"3.0.0-exp.1","scene_name":"PlayScene","end_time_seconds":"1719500586"}}